case,n_plaquettes,max_plaquette_angle,mean_plaquette_angle,max_triangle_factorization_error,max_her_reconstruction_error,gauge_or_covariance_error,trace_invariance_error,conjugacy_error
u1_pure,9,5.273559366969495e-16,2.2128566340429145e-16,1.2412670766236366e-16,4.473333549908523e-16,,,
u1_perturbed,9,1.0514006500841653,0.25886025257347245,2.2887833992611187e-16,4.742874840267547e-16,4.47545209131181e-16,,3.1401849173675503e-16
su2_pure,9,0.0,0.0,8.438455854348192e-16,2.2741938904204748e-15,,,
su2_perturbed,9,0.19307351904230252,0.053582570958280375,7.406294158020782e-16,2.105140365759295e-15,7.813884697251192e-16,8.974071781012647e-16,9.621211789119696e-16
